,displayName,revenueUSD,year
3,Samsung Electronics,168499410170.4882,2015
7,Samsung Electronics,169518251696.90475,2016
11,Samsung Electronics,201184196481.43927,2017
15,Samsung Electronics,204707833796.40182,2018
21,The Walt Disney Company,55632000000.0,2015
25,The Walt Disney Company,55137000000.0,2016
29,The Walt Disney Company,59434000000.0,2017
36,Macy's,25778000000.0,2016
40,Macy's,24837000000.0,2017
44,Macy's,24971000000.0,2018
50,Etsy,273499000.0,2015
54,Etsy,364967000.0,2016
58,Etsy,441231000.0,2017
62,Etsy,603693000.0,2018
64,Tesco,78993067716.2128,2012
65,Tesco,77595249323.71506,2014
67,Tesco,67814241321.00992,2015
69,Tesco,69663052412.08296,2016
71,Tesco,71623988165.01352,2017
72,Tesco,79622211572.45807,2018
73,Ocado,1583449471.0766456,2015
75,Ocado,1823645413.3669972,2017
77,Ocado,1991832326.4201982,2017
81,Gap,15516000000.0,2016
85,Gap,15855000000.0,2017
89,Gap,16580000000.0,2018
91,Target,72618000000.0,2014
95,Target,73785000000.0,2015
99,Target,69495000000.0,2016
103,Target,71879000000.0,2017
107,Target,75356000000.0,2018
110,Starbucks,19162700000.0,2014
111,Starbucks,21315900000.0,2015
115,Starbucks,22386800000.0,2016
119,Starbucks,24719500000.0,2017
127,Amazon,135987000000.0,2016
132,Amazon,177866000000.0,2017
137,Amazon,232887000000.00003,2018
141,Reckitt Benckiser,11810463744.461678,2016
143,Reckitt Benckiser,14341990719.018936,2017
144,Reckitt Benckiser,15693715410.524796,2018
145,Costco,118719000000.0,2015
149,Costco,129025000000.0,2016
153,Costco,141576000000.0,2017
157,Walmart,485651000000.0,2014
161,Walmart,482130000000.00006,2015
165,Walmart,485873000000.0,2016
169,Walmart,500343000000.0,2017
173,Walmart,514405000000.0,2018
176,Kroger,115337000000.0,2016
180,Kroger,122662000000.0,2017
184,Kroger,121162000000.0,2018
186,Marks & Spencer,12491684154.055906,2012
187,Marks & Spencer,12844128663.430117,2013
188,Marks & Spencer,12846247091.974752,2014
190,Marks & Spencer,13150229508.566275,2015
192,Marks & Spencer,13233201758.340847,2016
194,Marks & Spencer,13328133972.04689,2017
195,Procter & Gamble,76279000000.0,2014
199,Procter & Gamble,65299000000.0,2015
203,Procter & Gamble,65058000000.0,2016
207,Procter & Gamble,66832000000.0,2017
211,Procter & Gamble,67684000000.0,2018
212,Wayfair,3380360000.0,2016
216,Wayfair,4720895000.0,2017
220,Wayfair,6779174000.0,2018
222,Sainsbury's,29836373397.35257,2013
223,Sainsbury's,29619598891.628494,2014
225,Sainsbury's,29284469858.568077,2015
227,Sainsbury's,32670636081.861134,2016
229,Sainsbury's,35451326420.19838,2017
230,Sainsbury's,36137777958.55004,2018
233,Caseys General Stores,7840255000.0,2013
237,Caseys General Stores,7767216000.0,2014
241,Caseys General Stores,7122086000.0,2015
245,Caseys General Stores,7506587000.0,2016
249,Caseys General Stores,8391124000.0,2017
253,Caseys General Stores,9352910000.0,2018
257,Sysco,50366919000.0,2015
261,Sysco,55371139000.0,2016
265,Sysco,58727324000.0,2017
269,Sysco,60113921999.99999,2018
270,Tiffany & Co.,4104900000.0,2015
274,Tiffany & Co.,4001800000.0,2016
278,Tiffany & Co.,4169800000.0,2017
282,Nike,30601000000.0,2014
286,Nike,32376000000.0,2015
290,Nike,34350000000.0,2016
294,Nike,36397000000.0,2017
298,Nike,39117000000.0,2018
300,3D Systems,513400000.00000006,2013
304,3D Systems,653652000.0,2014
308,3D Systems,666163000.0,2015
312,3D Systems,632965000.0,2016
316,3D Systems,646069000.0,2017
320,3D Systems,687660000.0,2018
323,Cintas,4476886000.0,2015
324,Cintas,4795771999.999999,2015
325,Cintas,5323381000.0,2016
328,Cintas,6476632000.0,2017
332,Cintas,6892303000.0,2018
333,Colgate Palmolive,0.0,2011
334,Colgate Palmolive,0.0,2012
336,Colgate Palmolive,17420000000.0,2013
340,Colgate Palmolive,17277000000.0,2014
344,Colgate Palmolive,16034000000.0,2015
348,Colgate Palmolive,15195000000.000002,2016
352,Colgate Palmolive,15453999999.999998,2017
356,Colgate Palmolive,15544000000.0,2018
357,Coca-Cola European Partners,6995443700.0,2015
361,Coca-Cola European Partners,10094704900.0,2016
365,Coca-Cola European Partners,12226828600.0,2017
372,Clorox,5514000000.0,2013
376,Clorox,5655000000.0,2014
380,Clorox,5761000000.0,2015
384,Clorox,5973000000.0,2016
388,Clorox,6124000000.0,2017
394,Burlington Stores,5129843000.0,2015
398,Burlington Stores,5590950000.0,2016
402,Burlington Stores,6110043000.0,2017
405,Johnson & Johnson,74331000000.0,2014
409,Johnson & Johnson,70074000000.0,2015
413,Johnson & Johnson,71890000000.0,2016
417,Johnson & Johnson,76450000000.0,2017
421,Johnson & Johnson,81581000000.0,2018
423,Best Buy,39528000000.0,2015
427,Best Buy,39403000000.0,2016
431,Best Buy,42151000000.0,2017
435,Best Buy,42879000000.0,2018
438,Dollar General,17504167000.0,2013
441,Dollar General,18909588000.0,2014
445,Dollar General,20368562000.000004,2015
449,Dollar General,21986598000.0,2016
451,Dollar General,23470967000.0,2017
454,Debenhams,2526417837.4319205,2010
456,Debenhams,2615369989.439134,2014
458,Debenhams,2917359118.575293,2015
460,Debenhams,2909012060.4147882,2016
463,Conn's,1193769000.0,2013
470,Conn's,1485218000.0,2015
471,Conn's,1613178000.0,2015
475,Conn's,1596848000.0,2016
479,Conn's,1516031000.0,2017
483,Conn's,1549813000.0,2018
486,Office Depot,11242000000.0,2013
490,Office Depot,12710000000.0,2014
494,Office Depot,14485000000.0,2015
498,Office Depot,11021000000.0,2016
502,Office Depot,10240000000.0,2017
506,Office Depot,11015000000.0,2018
509,British American Tobacco,8910173128.944994,1997
510,British American Tobacco,8870306582.506763,1998
511,British American Tobacco,11302165915.238955,1999
512,British American Tobacco,13598230222.83138,2000
513,British American Tobacco,14166327871.71145,2001
514,British American Tobacco,13205792869.799818,2002
515,British American Tobacco,13168419098.777277,2003
516,British American Tobacco,13410109877.092876,2004
517,British American Tobacco,11617360399.350765,2005
518,British American Tobacco,12161788163.347158,2005
519,British American Tobacco,12480720534.853022,2007
520,British American Tobacco,19011359651.664562,2013
521,British American Tobacco,17405485407.6826,2014
522,British American Tobacco,16325350766.456268,2015
523,British American Tobacco,18377232078.44905,2016
524,British American Tobacco,25280373760.144276,2017
525,British American Tobacco,30512857023.365192,2018
526,Big 5 Sporting Goods,1029098000.0,2015
530,Big 5 Sporting Goods,1021235000.0,2016
534,Big 5 Sporting Goods,1009635000.0,2017
538,Big 5 Sporting Goods,987581000.0,2018
542,TravelCenters of America,7944731000.0,2013
546,TravelCenters of America,7778633000.0,2014
550,TravelCenters of America,5850633000.0,2015
554,TravelCenters of America,5511405000.0,2016
558,TravelCenters of America,6051593000.0,2017
562,TravelCenters of America,6231437000.0,2018
566,Big Lots,5301912000.0,2013
570,Big Lots,5177078000.0,2014
574,Big Lots,5190582000.0,2015
581,Big Lots,5200439000.0,2017
583,Five Below,535402000.0,2013
587,Five Below,680218000.0,2014
591,Five Below,831954000.0,2015
595,Five Below,1000410000.0,2016
599,Five Below,1278208000.0000002,2017
602,DICK’S Sporting Goods,7921981000.000001,2016
606,DICK’S Sporting Goods,8590472000.0,2017
610,DICK’S Sporting Goods,8436570000.000001,2018
616,The Goodyear Tire & Rubber Company,15158000000.0,2016
619,The Goodyear Tire & Rubber Company,15377000000.0,2017
623,The Goodyear Tire & Rubber Company,15475000000.0,2018
626,Sears Hometown and Outlet Stores,2421562000.0,2013
630,Sears Hometown and Outlet Stores,2356033000.0,2014
634,Sears Hometown and Outlet Stores,2287788000.0,2015
638,Sears Hometown and Outlet Stores,2070056000.0,2016
639,Sears Hometown and Outlet Stores,2070056000.0,2016
643,Sears Hometown and Outlet Stores,1719951000.0,2017
646,Dollar Tree,7840300000.0,2013
649,Dollar Tree,8602200000.0,2014
653,Dollar Tree,15498400000.0,2015
657,Dollar Tree,20719200000.0,2016
661,Dollar Tree,22245500000.0,2017
663,Boohoo,367064997.1821461,2016
665,Boohoo,722331988.2777277,2017
667,Boohoo,1067576280.4328223,2018
668,Kingfisher,13984436992.786295,2016
670,Kingfisher,14520143710.550045,2017
672,Kingfisher,14557518597.835888,2018
675,Essendant,5085293000.0,2013
679,Essendant,5327205000.0,2014
683,Essendant,5363046000.0,2015
687,Essendant,5369022000.0,2016
691,Essendant,5037327000.0,2017
695,Eastman Kodak Company,0.0,2013
696,Eastman Kodak Company,2046000000.0,2014
700,Eastman Kodak Company,1709000000.0,2015
704,Eastman Kodak Company,1543000000.0,2016
708,Eastman Kodak Company,1531000000.0,2017
712,Eastman Kodak Company,1325000000.0,2018
715,Bosch,54105540300.0,2014
716,Bosch,78041917100.0,2015
717,Bosch,80829483700.0,2016
718,Bosch,86286349800.0,2017
719,Bosch,86727364500.0,2018
723,Bed Bath & Beyond,12215757000.0,2016
727,Bed Bath & Beyond,12349301000.0,2017
731,Bed Bath & Beyond,12028797000.0,2018
733,Arcadia,2577953959.877367,2014
734,Arcadia,2503853372.1478806,2015
735,Arcadia,2373862278.304779,2016
736,Arcadia,2265936042.185753,2017
737,Whirlpool,20891000000.0,2015
741,Whirlpool,20718000000.0,2016
745,Whirlpool,21253000000.0,2017
749,Whirlpool,21036999999.999996,2018
752,Murphy USA,18919216000.0,2011
753,Murphy USA,19301308000.0,2012
755,Murphy USA,18083335000.0,2013
759,Murphy USA,16986014000.0,2014
762,Murphy USA,12699411000.0,2015
766,Murphy USA,11594553000.0,2016
770,Murphy USA,12826553000.0,2017
774,Murphy USA,0.0,2018
775,Walgreens Boots Alliance,117351000000.00002,2015
779,Walgreens Boots Alliance,118214000000.0,2016
783,Walgreens Boots Alliance,131537000000.0,2017
790,RPM International,4813649000.0,2015
794,RPM International,4958175000.0,2016
798,RPM International,5321643000.0,2017
802,RPM International,5564551000.0,2018
804,Kimberly-Clark,21152000000.0,2013
808,Kimberly-Clark,19724000000.0,2014
812,Kimberly-Clark,18591000000.0,2015
816,Kimberly-Clark,18202000000.0,2016
820,Kimberly-Clark,18259000000.0,2017
824,Kimberly-Clark,18486000000.0,2018
828,Sleep Number,960171000.0,2013
829,Sleep Number,1156757000.0,2013
833,Sleep Number,1213699000.0,2014
840,Sleep Number,1311291000.0,2016
844,Sleep Number,1444497000.0000002,2017
848,Sleep Number,1531575000.0,2018
851,Herman Miller,1882000000.0,2013
855,Herman Miller,2142200000.0,2014
861,Herman Miller,2264900000.0,2015
864,Herman Miller,2278200000.0,2016
867,Herman Miller,2381200000.0,2017
871,Lush,25571897.88097385,2000
872,Lush,32355439.923354372,2001
873,Lush,42279718.32732191,2002
874,Lush,64905229.26059513,2003
875,Lush,92676016.34355275,2004
876,Lush,124703803.0883679,2005
877,Lush,149483353.35888186,2006
878,Lush,190832427.0261497,2007
879,Lush,267254124.82236248,2008
880,Lush,307932952.1442741,2009
881,Lush,339117282.36609554,2010
882,Lush,406109306.06672674,2011
883,Lush,349106363.8412984,2012
884,Lush,351905752.86564475,2013
885,Lush,406708540.1262399,2014
886,Lush,492036663.59603244,2015
887,Lush,620159013.0748422,2016
888,Lush,653375301.302074,2017
890,J.M. Smucker,5610599999.999999,2013
891,J.M. Smucker,5692700000.0,2014
895,J.M. Smucker,7811200000.0,2015
899,J.M. Smucker,0.0,2016
903,J.M. Smucker,0.0,2017
905,J.M. Smucker,7838000000.0,2018
907,Mattel,6484892000.0,2013
911,Mattel,6023819000.0,2014
915,Mattel,5702613000.0,2015
919,Mattel,5456650000.0,2016
923,Mattel,4881951000.0,2017
927,Mattel,4510852000.0,2018
930,Mohawk Industries,0.0,2010
931,Mohawk Industries,0.0,2011
932,Mohawk Industries,0.0,2012
934,Mohawk Industries,7348754000.0,2013
938,Mohawk Industries,7803446000.0,2014
942,Mohawk Industries,8071563000.0,2015
946,Mohawk Industries,8959087000.0,2016
950,Mohawk Industries,9491290000.0,2017
954,Mohawk Industries,9983634000.0,2018
955,Newell Brands,13264000000.000002,2016
959,Newell Brands,14742200000.0,2017
963,Newell Brands,8630900000.0,2018
966,Philip Morris,80029000000.0,2013
970,Philip Morris,80106000000.0,2014
974,Philip Morris,73908000000.0,2015
978,Philip Morris,74953000000.0,2016
982,Philip Morris,78098000000.0,2017
986,Philip Morris,29625000000.0,2018
990,Domtar,5391000000.0,2013
994,Domtar,5563000000.0,2014
998,Domtar,5264000000.0,2015
1002,Domtar,5098000000.0,2016
1006,Domtar,5157000000.0,2017
1010,Domtar,5455000000.000001,2018
1013,Reynolds American,8471000000.0,2014
1017,Reynolds American,10675000000.0,2015
1021,Reynolds American,12503000000.0,2016
1025,L'Oreal,26847958060.0,2015
1027,L'Oreal,27539986390.0,2016
1029,L'Oreal,28763995610.0,2017
1031,Staples,22492360000.0,2014
1035,Staples,21059000000.0,2015
1039,Staples,18247000000.0,2016
1043,Kate Spade,1264935000.0,2013
1044,Kate Spade,1138603000.0,2013
1048,Kate Spade,1242720000.0,2014
1055,Kate Spade,1381478000.0,2016
1059,RTW Retailwinds,939163000.0,2013
1065,RTW Retailwinds,923332000.0,2015
1069,RTW Retailwinds,950107999.9999999,2016
1073,RTW Retailwinds,929081000.0,2017
1074,Williams-Sonoma,5083812000.0,2016
1078,Williams-Sonoma,5292359000.0,2017
1082,Williams-Sonoma,5671593000.0,2018
1085,Mothercare,831466659.1523895,2016
1087,Mothercare,815395457.619477,2017
1088,Mothercare,640107236.2488729,2018
1092,Tapestry,4491800000.0,2015
1095,Tapestry,0.0,2016
1099,Tapestry,5880000000.0,2017
1101,Vista Outdoor,2083414000.0,2014
1105,Vista Outdoor,2270734000.0,2015
1108,Vista Outdoor,2546892000.0,2016
1110,Vista Outdoor,2308463000.0,2017
1114,Vista Outdoor,2058528000.0,2018
1116,Advance Auto Parts,6493814000.000001,2013
1120,Advance Auto Parts,9843861000.0,2014
1124,Advance Auto Parts,9737018000.0,2015
1128,Advance Auto Parts,9567679000.0,2016
1132,Advance Auto Parts,9373784000.0,2017
1134,Advance Auto Parts,9580553999.999998,2018
1135,Electrolux,11551990959.756939,2014
1136,Electrolux,12723136339.91314,2015
1140,Electrolux,12474052908.721506,2016
1144,Electrolux,12573665678.763817,2017
1148,Electrolux,12786797862.029116,2018
1154,Party City Holdco,2867924000.0,2015
1158,Party City Holdco,2910291000.0,2016
1162,Party City Holdco,2357986000.0,2017
1166,Party City Holdco,2416442000.0,2018
1178,The Container Store,857228000.0,2017
1182,Tuesday Morning,864844000.0,2013
1186,Tuesday Morning,906365000.0,2014
1190,Tuesday Morning,956396000.0,2015
1194,Tuesday Morning,966665000.0,2016
1198,Tuesday Morning,1006332000.0,2017
1202,Tuesday Morning,1007245999.9999999,2018
1206,Sportsman's Warehouse,0.0,2014
1210,Sportsman's Warehouse,706764000.0,2015
1214,Sportsman's Warehouse,779956000.0,2016
1218,Sportsman's Warehouse,809671000.0,2017
1220,Cabela's,3599577000.0,2013
1223,Cabela's,3647650000.0,2014
1227,Cabela's,3997702000.0,2015
1231,Cabela's,4129359000.0,2016
1234,Dunelm Group,1097451233.8034265,2015
1235,Dunelm Group,1190514743.0117223,2016
1237,Dunelm Group,1308245598.0955815,2017
1238,PriceSmart,2299812000.0,2013
1239,PriceSmart,2517567000.0,2014
1240,PriceSmart,2802603000.0,2014
1243,PriceSmart,2905176000.0,2015
1247,PriceSmart,2996628000.0,2016
1251,PriceSmart,3166702000.0,2017
1255,Unilever,777867363.1956718,1995
1256,Unilever,762491314.6330026,1996
1257,Unilever,685216233.5437331,1997
1258,Unilever,702178173.3237151,1998
1259,Unilever,732316086.4346257,1999
1260,Unilever,715975745.8467088,2000
1261,Unilever,906022124.1767358,2001
1262,Unilever,1122527291.5130749,2002
1263,Unilever,1196418739.3399458,2003
1264,Unilever,1208786059.6429214,2004
1265,Unilever,1143672826.6762848,2005
1266,Unilever,1263193928.8944995,2006
1267,Unilever,1982991999.480613,2007
1268,Unilever,2536391968.952209,2008
1269,Unilever,2201828084.054103,2009
1270,Unilever,2207390743.011722,2010
1271,Unilever,2278176347.6717763,2011
1272,Unilever,2498823968.1154194,2012
1273,Unilever,2627484476.104599,2013
1274,Unilever,2647457615.870153,2014
1275,Unilever,2474742022.6077547,2015
1276,Unilever,2285394584.569883,2016
1277,Unilever,2314524591.653742,2017
1279,Fred's,1939246000.0,2013
1283,Fred's,1970049000.0,2014
1287,Fred's,2150703000.0,2015
1293,Fred's,2125424000.0,2017
1294,Fred's,1805405000.0,2017
1298,Fred's,1271746000.0000002,2018
1300,Travis Perkins,7745571641.118124,2016
1302,Travis Perkins,8014546246.618574,2017
1303,Travis Perkins,8397514218.4743,2018
1307,A.O. Smith,2685900000.0,2016
1311,A.O. Smith,2996700000.0,2017
1315,A.O. Smith,3187900000.0,2018
1319,Hasbro,4082157000.0,2013
1323,Hasbro,4277207000.0,2014
1327,Hasbro,4447509000.0,2015
1331,Hasbro,5019822000.0,2016
1335,Hasbro,5209782000.000001,2017
1339,Hasbro,4579646000.0,2018
1343,Ikea,2405132800.0,2015
1344,Ikea,25287053400.0,2016
1345,Ikea,28202834800.0,2017
1346,Ingles Markets,0.0,2010
1347,Ingles Markets,0.0,2011
1348,Ingles Markets,0.0,2012
1350,Ingles Markets,3738540461.0,2013
1354,Ingles Markets,3835985953.0,2014
1357,Ingles Markets,3778643782.0,2014
1361,Ingles Markets,3794977406.0,2015
1365,Ingles Markets,4002699727.0,2016
1369,Ingles Markets,4092804877.0,2017
1374,Smart & Final,3534244000.0,2014
1378,Smart & Final,3970980000.0,2015
1382,Smart & Final,4341795000.0,2016
1386,Smart & Final,4570565000.0,2017
1388,Smart & Final,4741772000.0,2018
1391,CST Brands,12777000000.0,2013
1395,CST Brands,12758000000.0,2014
1396,CST Brands,11444000000.0,2015
1397,CST Brands,11106000000.0,2016
1398,John Lewis,3165652873.3778176,1995
1399,John Lewis,3550240662.8818755,1996
1400,John Lewis,3883749200.562669,1997
1401,John Lewis,3946788097.3850317,1998
1402,John Lewis,4203678235.7294855,1999
1403,John Lewis,4634735109.626691,2000
1404,John Lewis,5016457291.772768,2001
1405,John Lewis,5193988125.980163,2002
1406,John Lewis,5605610217.954914,2003
1407,John Lewis,5927034089.146979,2004
1408,John Lewis,6415150515.765554,2005
1409,John Lewis,7099235575.920649,2006
1410,John Lewis,7540009681.312894,2007
1411,John Lewis,7807863119.927863,2008
1412,John Lewis,10546570476.609558,2012
1413,John Lewis,11247100327.704237,2013
1414,John Lewis,12085792957.864742,2014
1415,John Lewis,12145342734.54283,2015
1416,John Lewis,12490936576.577095,2016
1417,John Lewis,12727145545.291252,2017
1418,John Lewis,12852849550.196573,2018
1424,Multi-Color Corporation,706432000.0,2014
1428,Multi-Color Corporation,810772000.0,2015
1429,Multi-Color Corporation,870825000.0,2015
1433,Multi-Color Corporation,923295000.0,2016
1437,Multi-Color Corporation,1300912000.0,2017
1441,Multi-Color Corporation,1725554000.0000002,2018
1446,Stein Mart,1317677000.0,2014
1450,Stein Mart,1359901000.0000002,2015
1454,Stein Mart,1360518000.0,2016
1458,Stein Mart,1272731999.9999998,2018
1460,Primo Water,91209000.0,2013
1464,Primo Water,106322000.0,2014
1468,Primo Water,126951000.0,2015
1472,Primo Water,142541000.0,2016
1476,Primo Water,286074000.0,2017
1480,Primo Water,302112000.0,2018
1486,Publix,34274109000.0,2016
1490,Publix,34836838000.0,2017
1494,Publix,36395718000.0,2018
1498,CTI Industries,56059477.0,2013
1505,CTI Industries,59364701.0,2015
1509,CTI Industries,64268367.0,2016
1513,CTI Industries,56236560.0,2017
1517,CTI Industries,55591101.99999999,2018
1520,Tootsie Roll Industries,0.0,2010
1521,Tootsie Roll Industries,0.0,2011
1522,Tootsie Roll Industries,0.0,2012
1523,Tootsie Roll Industries,543383000.0,2013
1524,Tootsie Roll Industries,543525000.0,2014
1528,Tootsie Roll Industries,540112000.0,2015
1532,Tootsie Roll Industries,521100000.0,2016
1536,Tootsie Roll Industries,519289000.0,2017
1540,Tootsie Roll Industries,518920000.0,2018
1544,Altria,6080000000.0,2013
1548,Altria,6258000000.0,2014
1552,Altria,6318000000.0,2015
1556,Altria,6252000000.0,2016
1560,Altria,25576000000.0,2017
1564,Altria,25364000000.0,2018
1570,Kimball International,1285347000.0,2013
1574,Kimball International,600868000.0,2014
1578,Kimball International,635102000.0,2015
1582,Kimball International,669934000.0,2016
1585,Kimball International,685599999.9999999,2017
1589,Imperial Brands,1039021866.5464382,1996
1590,Imperial Brands,1181046438.232642,1997
1591,Imperial Brands,1497487150.5861135,1998
1592,Imperial Brands,1619578449.0532012,1999
1593,Imperial Brands,1836352795.311091,2000
1594,Imperial Brands,2764495909.3092875,2001
1595,Imperial Brands,3986654643.8232636,2002
1596,Imperial Brands,3777355275.0225425,2003
1597,Imperial Brands,3923117255.704238,2004
1598,Imperial Brands,3939312960.461677,2005
1599,Imperial Brands,4086321009.9188457,2006
1600,Imperial Brands,35218357166.51398,2012
1601,Imperial Brands,32964650905.045986,2013
1602,Imperial Brands,31505785348.385933,2014
1603,Imperial Brands,34427254508.56628,2015
1605,Imperial Brands,37682607191.16321,2016
1607,Imperial Brands,38027702302.70154,2017
1609,Knoll,862668000.0,2013
1613,Knoll,1050294000.0,2014
1617,Knoll,1104442000.0,2015
1621,Knoll,1164292000.0,2016
1625,Knoll,1132892000.0,2017
1629,Knoll,1302272000.0,2018
1631,Morrisons,20328200796.1046,2016
1633,Morrisons,21505510144.27412,2017
1634,Morrisons,22094787613.54734,2018
1635,The Scotts Miracle-Gro,0.0,2012
1639,The Scotts Miracle-Gro,454300000.0,2013
1643,The Scotts Miracle-Gro,0.0,2014
1647,The Scotts Miracle-Gro,0.0,2015
1650,The Scotts Miracle-Gro,376700000.00000006,2016
1652,Secret Sales,6424844.036632101,2010
1653,Secret Sales,11058587.545649234,2011
1654,Secret Sales,13480015.547339944,2012
1655,Secret Sales,22628478.499323715,2013
1656,Secret Sales,31402006.548692513,2014
1657,Secret Sales,36490806.75202885,2015
1658,Secret Sales,47443681.92064924,2016
1659,Secret Sales,16208242.78629396,2017
1660,Gear4music,9324989.52795311,2008
1661,Gear4music,11264036.055229936,2009
1662,Gear4music,11729926.483543733,2010
1663,Gear4music,12702450.9506312,2011
1664,Gear4music,15280910.787082957,2012
1665,Gear4music,22023369.107529305,2013
1666,Gear4music,30198908.926961225,2014
1667,Gear4music,44213245.829576194,2015
1668,Gear4music,69925922.45266005,2016
1669,Gear4music,99642695.3336339,2017
1670,Crystal Rock Holdings,70980512.0,2012
1674,Crystal Rock Holdings,75154714.0,2013
1678,Crystal Rock Holdings,73901102.0,2014
1682,Crystal Rock Holdings,65342904.0,2015
1686,Crystal Rock Holdings,59069775.0,2016
1688,Topshop Topman,1244896459.808837,2013
1689,Topshop Topman,1257043318.1100092,2014
1690,Topshop Topman,1234384129.9116318,2015
1691,Topshop Topman,1163138863.9711452,2016
1692,Topshop Topman,1054921123.6645626,2017
1694,Tupperware Brands,2671600000.0,2013
1698,Tupperware Brands,2606100000.0,2014
1702,Tupperware Brands,2283800000.0,2015
1706,Tupperware Brands,0.0,2016
1715,Hanesbrands,4627802000.0,2013
1719,Hanesbrands,5324746000.0,2014
1723,Hanesbrands,5731549000.0,2015
1727,Hanesbrands,6028199000.0,2016
1731,Hanesbrands,6471410000.0,2017
1735,Hanesbrands,6803955000.0,2018
1738,Libbey,818810999.9999999,2013
1742,Libbey,852492000.0,2014
1746,Libbey,822345000.0,2015
1750,Libbey,793420000.0,2016
1754,Libbey,781828000.0,2017
1758,Libbey,801093000.0,2018
1761,Mattress Firm,470942000.0,2012
1763,Mattress Firm,693947000.0,2013
1767,Mattress Firm,956268000.0,2014
1773,Toronto-Dominion Bank (TD),22612422874.701263,2013
1778,Toronto-Dominion Bank (TD),23718100238.989418,2014
1783,Toronto-Dominion Bank (TD),25898511095.93718,2015
1788,Toronto-Dominion Bank (TD),27282683304.882214,2016
1792,JAKKS Pacific,632925000.0,2013
1796,JAKKS Pacific,383960000.0,2014
1800,JAKKS Pacific,745741000.0,2015
1804,JAKKS Pacific,706603000.0,2016
1808,JAKKS Pacific,613111000.0,2017
1812,JAKKS Pacific,567810000.0,2018
1815,HB Fuller,2083660000.0,2014
1819,HB Fuller,2094605000.0,2016
1823,HB Fuller,2306043000.0,2017
1827,HB Fuller,3041002000.0,2018
1831,Macfarlane Group,62327607.86744814,1996
1832,Macfarlane Group,67700870.8295762,1997
1833,Macfarlane Group,66689257.21370604,1998
1834,Macfarlane Group,65037287.195671774,1999
1835,Macfarlane Group,60217172.56537421,2000
1836,Macfarlane Group,52073184.625788994,2001
1837,Macfarlane Group,150901107.41659153,2002
1838,Macfarlane Group,128488633.34084761,2003
1839,Macfarlane Group,114181526.48782687,2004
1840,Macfarlane Group,103453688.0072137,2005
1841,Macfarlane Group,110786640.89269611,2006
1842,Macfarlane Group,124818419.40937781,2007
1843,Macfarlane Group,129566275.92425609,2008
1844,Macfarlane Group,120273633.1154193,2009
1845,Macfarlane Group,145355919.9729486,2010
1846,Macfarlane Group,157968698.60234442,2011
1847,Macfarlane Group,155033524.12082955,2012
1848,Macfarlane Group,156811322.9260595,2013
1849,Macfarlane Group,162159669.29666364,2014
1850,Macfarlane Group,171983045.47159603,2015
1851,Macfarlane Group,177847155.32010818,2016
1852,Macfarlane Group,195926634.1298467,2017
1853,Macfarlane Group,222802925.5437331,2018
1854,Sugarmade,241398.0,2012
1858,Sugarmade,2908407.0,2014
1862,Sugarmade,4348256.0,2015
1866,Sugarmade,4100560.0,2016
1870,Sugarmade,4439324.0,2017
1876,Leggett & Platt,3359100000.0,2010
1880,Leggett & Platt,3636000000.0,2011
1884,Leggett & Platt,3720800000.0,2012
1888,Leggett & Platt,3746000000.0,2013
1892,Leggett & Platt,3782300000.0,2014
1896,Leggett & Platt,3917200000.0,2015
1900,Leggett & Platt,3749900000.0,2016
1904,Leggett & Platt,3943800000.0,2017
1908,Leggett & Platt,4598100000.0,2018
1912,Tandy Leather Factory,78284585.0,2013
1919,Tandy Leather Factory,84161200.0,2015
1923,Tandy Leather Factory,82923992.0,2016
1927,Tandy Leather Factory,82321268.0,2017
1931,Tandy Leather Factory,83098187.0,2018
1934,Lifetime Brands,502721000.0,2013
1938,Lifetime Brands,586010000.0,2014
1942,Lifetime Brands,587670000.0,2015
1946,Lifetime Brands,592619000.0,2016
1950,Lifetime Brands,579476000.0,2017
1953,Lifetime Brands,704542000.0,2018
1956,Prestige Brands Holdings,596954000.0,2013
1963,Prestige Brands Holdings,714623000.0,2015
1964,Prestige Brands Holdings,803088000.0,2015
1968,Prestige Brands Holdings,881113000.0,2016
1972,Prestige Brands Holdings,1040792000.0,2017
1976,Prestige Brands Holdings,975777000.0,2018
1979,Packaging Corporation of America,3665308000.0,2013
1980,Packaging Corporation of America,5852600000.0,2014
1983,Packaging Corporation of America,5741700000.0,2015
1987,Packaging Corporation of America,5779000000.0,2016
1990,Packaging Corporation of America,6444900000.0,2017
1993,Packaging Corporation of America,0.0,2018
1996,Synergy CHC,0.0,2012
1999,Synergy CHC,0.0,2014
2003,Synergy CHC,13456377.0,2015
2007,Synergy CHC,34840394.0,2016
2011,Synergy CHC,35596035.0,2017
2015,Synergy CHC,33824495.0,2018
2018,Gordmans Stores,619559000.0,2012
2021,Gordmans Stores,634620000.0,2013
2025,Gordmans Stores,657856000.0,2014
2032,Compass Minerals,1129600000.0,2013
2036,Compass Minerals,1282500000.0,2014
2040,Compass Minerals,1098700000.0,2015
2044,Compass Minerals,1138000000.0,2016
2048,Compass Minerals,0.0,2017
2050,Compass Minerals,0.0,2018
2051,The Hut Group,229618849.18845809,2013
2052,The Hut Group,308935834.9864743,2014
2053,The Hut Group,415537744.2993688,2015
2054,The Hut Group,624629049.594229,2016
2055,The Hut Group,916497019.386835,2017
2056,The Hut Group,1140878420.9702435,2018
2057,Bonmarche,234169874.59693417,2015
2059,Bonmarche,236792335.88818756,2016
2061,Bonmarche,231741742.78629395,2017
2063,Nasdaq,3211000000.0,2013
2067,Nasdaq,3500000000.0,2014
2071,Nasdaq,3403000000.0,2015
2075,Nasdaq,3705000000.0,2016
2079,Nasdaq,3965000000.0,2017
2083,Nasdaq,4277000000.0,2018
2086,Tennant,0.0,2010
2087,Tennant,0.0,2011
2088,Tennant,0.0,2012
2090,Tennant,752011000.0,2013
2094,Tennant,821983000.0,2014
2098,Tennant,811799000.0,2015
2102,Tennant,808572000.0,2016
2106,Tennant,1003066000.0,2017
2110,Tennant,1123511000.0,2018
2112,Berry Global,4647000000.0,2012
2116,Berry Global,4958000000.0,2013
2120,Berry Global,1195999999.9999998,2014
2124,Berry Global,1618000000.0,2015
2127,Berry Global,7095000000.0,2016
2131,Berry Global,7869000000.0,2017
2136,Summer Infant,208173000.0,2013
2146,Summer Infant,194328000.0,2016
2150,Summer Infant,189869000.0,2017
2154,Summer Infant,173619000.0,2018
2157,Rocky Brands,244870731.0,2013
2158,Rocky Brands,286242169.0,2014
2159,Rocky Brands,269302023.0,2015
2160,Rocky Brands,260258584.0,2016
2162,Rocky Brands,253196972.0,2017
2166,Rocky Brands,252694000.0,2018
2169,SunOpta,1181929000.0,2013
2178,SunOpta,1346731000.0,2016
2182,SunOpta,1279593000.0,2017
2186,SunOpta,1260852000.0,2018
2191,AeroGrow International,9354999.999999998,2013
2194,AeroGrow International,17912000.0,2014
2198,AeroGrow International,19612000.0,2015
2202,AeroGrow International,23609000.0,2016
2204,AeroGrow International,32298000.0,2017
2206,AeroGrow International,34366000.0,2018
2207,Panasonic,70514940788.02074,2015
2208,Panasonic,67901952041.9943,2016
2209,Panasonic,73805302569.85109,2017
2210,Panasonic,73995489249.62355,2018
2211,Decora Blind Systems,58250143.45998647,2015
2212,Decora Blind Systems,73287865.82213706,2016
2213,Decora Blind Systems,86758001.94093779,2017
2214,Brunswick,3887500000.0,2013
2218,Brunswick,3838700000.0,2014
2222,Brunswick,3780200000.0,2015
2226,Brunswick,4153900000.0,2016
2230,Brunswick,4510000000.0,2017
2233,Brunswick,0.0,2018
2238,Casper,373000000.0,2018
2244,Turning Point Brands,206228000.0,2016
2248,Turning Point Brands,285777000.0,2017
2252,Turning Point Brands,332683000.0,2018
2257,CSS Industries,320459000.0,2013
2264,CSS Industries,313044000.0,2015
2265,CSS Industries,317017000.0,2015
2269,CSS Industries,322431000.0,2016
2273,CSS Industries,361896000.0,2017
2277,CSS Industries,382263000.0,2018
2279,N Brown Group,349419077.03155994,1996
2280,N Brown Group,396055441.4535617,1997
2281,N Brown Group,408432768.2596934,1998
2282,N Brown Group,441936853.0856628,1999
2283,N Brown Group,498944778.62939584,2000
2284,N Brown Group,559379951.437331,2001
2285,N Brown Group,569751512.5590621,2002
2286,N Brown Group,586162815.5996393,2003
2287,N Brown Group,573455353.9224526,2004
2288,N Brown Group,603978178.5392245,2005
2289,N Brown Group,665023827.7727683,2006
2290,N Brown Group,761077248.2308387,2007
2291,N Brown Group,825985009.0171325,2008
2292,N Brown Group,859622407.5743914,2009
2293,N Brown Group,895502299.3688008,2010
2294,N Brown Group,938358836.7899008,2011
2295,N Brown Group,977602508.3065825,2012
2296,N Brown Group,1020209800.0793507,2013
2297,N Brown Group,1043008521.1902615,2014
2298,N Brown Group,1079137578.8999097,2015
2299,N Brown Group,1122118739.1451757,2016
2300,N Brown Group,1148904035.166817,2017
2302,Leatt,14891667.0,2013
2306,Leatt,18458928.0,2014
2310,Leatt,18343172.0,2015
2314,Leatt,16416465.0,2016
2318,Leatt,20139785.0,2017
2322,Leatt,24392312.0,2018
2325,Central Garden & Pet Co,0.0,2009
2326,Central Garden & Pet Co,0.0,2010
2327,Central Garden & Pet Co,0.0,2011
2328,Central Garden & Pet Co,1653633000.0,2012
2332,Central Garden & Pet Co,1604357000.0,2013
2336,Central Garden & Pet Co,1650737000.0,2014
2340,Central Garden & Pet Co,1829017000.0,2015
2344,Central Garden & Pet Co,2054478000.0,2016
2348,Central Garden & Pet Co,2215362000.0,2017
2353,Youngevity International,85627000.0,2013
2357,Youngevity International,0.0,2014
2361,Youngevity International,156597000.0,2015
2365,Youngevity International,162667000.0,2016
2369,Youngevity International,165696000.0,2017
2373,Youngevity International,162445000.0,2018
2376,Alkaline Water,15110.0,2013
2380,Alkaline Water,3700476.0,2014
2384,Alkaline Water,7088806.0,2015
2390,Alkaline Water,32199528.0,2018
2394,Scott's Liquid Gold,42186200.0,2017
2398,Scott's Liquid Gold,37058000.0,2018
2401,Duluth Trading Company,376116000.0,2016
2405,Duluth Trading Company,471447000.0,2017
2409,Duluth Trading Company,568102000.0,2018
2415,Ourpets,27070160.0,2016
2419,Ourpets,28252067.0,2017
2424,Gilla,76977.0,2013
2428,Gilla,117315.0,2014
2431,Gilla,1163096.0,2015
2435,Gilla,4550793.0,2016
2439,Gilla,4600586.0,2017
2445,CV Sciences,20679239.0,2017
2449,CV Sciences,48244000.00000001,2018
2452,Sealskinz,17800412.984670874,2003
2453,Sealskinz,16717787.082957618,2004
2454,Sealskinz,15403644.933611361,2005
2455,Sealskinz,0.0,2006
2456,Sealskinz,3319303.606402164,2007
2457,Sealskinz,5170860.505861136,2008
2458,Sealskinz,6726975.150473399,2009
2459,Sealskinz,7330260.647768259,2010
2460,Sealskinz,8625545.920649232,2011
2461,Sealskinz,9387561.318417493,2012
2462,Sealskinz,9206209.644499548,2013
2463,Sealskinz,9950065.830365194,2014
2464,Sealskinz,10182874.00326871,2015
2465,Sealskinz,10211703.745491432,2016
2466,Sealskinz,10024116.694544636,2017
2467,Gilbertson & Page,11707395.65565825,1996
2468,Gilbertson & Page,11268321.708972046,1997
2469,Gilbertson & Page,9789979.221483318,1998
2470,Gilbertson & Page,9126612.34704689,1999
2471,Gilbertson & Page,7070297.127592425,2000
2472,Gilbertson & Page,7207648.592538322,2001
2473,Gilbertson & Page,8532858.691839496,2002
2474,Gilbertson & Page,9355568.414900811,2003
2475,Gilbertson & Page,9663809.076983768,2004
2476,Gilbertson & Page,10211577.916704237,2005
2477,Gilbertson & Page,10200896.173917945,2006
2478,Gilbertson & Page,10749041.254170423,2007
2479,Gilbertson & Page,12714650.113841297,2008
2480,Gilbertson & Page,14049688.56266907,2009
2481,Gilbertson & Page,14890188.73207845,2010
2482,Gilbertson & Page,16969523.144612264,2011
2483,Gilbertson & Page,17030779.339044183,2012
2484,Gilbertson & Page,24556153.094229035,2013
2485,Gilbertson & Page,28795307.49323715,2014
2486,Gilbertson & Page,31426494.5748422,2015
2487,Gilbertson & Page,31748720.919747517,2016
2488,Gilbertson & Page,32367564.336789902,2017
2489,Gilbertson & Page,34869406.90013526,2018
2490,Helen of Troy,1445131000.0,2013
2492,Helen of Troy,1317153000.0,2014
2496,Helen of Troy,1545701000.0,2015
2500,Helen of Troy,0.0,2016
2502,Helen of Troy,0.0,2017
2505,Helen of Troy,0.0,2018
2511,Studio,143933182.59693417,1995
2512,Studio,138870131.19927862,1996
2513,Studio,140594359.3327322,1997
2514,Studio,135467770.62669072,1998
2515,Studio,152539373.30928764,1999
2516,Studio,188399331.8304779,2000
2517,Studio,219927550.88187557,2001
2518,Studio,245969116.54643822,2002
2519,Studio,286159578.6744815,2003
2520,Studio,301287677.25157803,2004
2521,Studio,281718186.26871055,2005
2522,Studio,293706814.2470694,2006
2523,Studio,311600674.41659147,2007
2524,Studio,284946140.6672678,2008
2525,Studio,275846601.4427412,2009
2526,Studio,266743314.76284942,2010
2527,Studio,288850570.55906224,2011
2528,Studio,327627026.084761,2012
2529,Studio,359065545.40667266,2013
2530,Studio,375806983.3183048,2014
2531,Studio,389917229.16501355,2015
2532,Studio,452634801.62308383,2016
2533,Studio,489836508.63119924,2017
2534,Poundland,1384771985.4427412,2014
2535,Poundland,1513456253.8935978,2015
2536,Poundland,2797889085.4030657,2016
2537,Poundland,1896941175.256988,2017
2538,Sequential Brands Group,88262000.0,2015
2542,Sequential Brands Group,155528000.0,2016
2546,Sequential Brands Group,167464000.0,2017
2552,Regal Entertainment Group,2807900000.0,2010
2553,Regal Entertainment Group,2681700000.0,2011
2554,Regal Entertainment Group,2820000000.0,2012
2556,Regal Entertainment Group,3038100000.0,2013
2557,Regal Entertainment Group,2990100000.0,2013
2564,Regal Entertainment Group,0.0,2015
2567,Regal Entertainment Group,3197100000.0,2016
2570,Regal Entertainment Group,3163000000.0,2017
2572,Schweitzer-Mauduit International,772800000.0,2013
2576,Schweitzer-Mauduit International,794300000.0,2014
2580,Schweitzer-Mauduit International,0.0,2015
2584,Schweitzer-Mauduit International,839900000.0,2016
2590,Schweitzer-Mauduit International,0.0,2018
2594,Sugru,203480.09885031558,2009
2595,Sugru,719314.5890441838,2011
2596,Sugru,1184712.9146753831,2012
2597,Sugru,2214952.9285392244,2013
2598,Sugru,2873287.897317403,2014
2599,Sugru,4397579.071235348,2015
2600,Sugru,5608937.788886384,2016
2601,Sugru,6763175.220468891,2017
2602,Flipkart,398827550.28142357,2013
2603,Flipkart,1338319209.2190022,2014
2604,Flipkart,1849492548.3120944,2015
2605,Flipkart,2185125592.3869543,2016
2606,Flipkart,3040357909.7157817,2017
2608,Escalade,163677000.0,2013
2612,Escalade,137975000.0,2014
2614,Escalade,155542000.0,2015
2616,Escalade,167650000.0,2016
2619,Escalade,177333000.00000003,2017
2622,Escalade,175780000.0,2018
2624,Johnson Outdoors,0.0,2010
2625,Johnson Outdoors,0.0,2011
2626,Johnson Outdoors,0.0,2012
2628,Johnson Outdoors,426461000.0,2013
2631,Johnson Outdoors,425410000.0,2014
2635,Johnson Outdoors,430489000.0,2015
2639,Johnson Outdoors,433727000.0,2016
2642,Johnson Outdoors,490565000.0,2016
2646,Johnson Outdoors,544268000.0,2017
2650,Motocaddy,5509130.644048692,2007
2651,Motocaddy,7448502.332844905,2008
2652,Motocaddy,14644273.186203787,2010
2653,Motocaddy,17545343.083070334,2011
2654,Motocaddy,19498467.48455816,2012
2655,Motocaddy,24584077.11834986,2013
2656,Motocaddy,27079710.467087466,2014
2657,Motocaddy,28798267.58431019,2015
2658,Motocaddy,27956582.63097385,2016
2659,Motocaddy,26002184.99165915,2017
2660,The Natural Wood Floor,1537278.9472497746,1995
2661,The Natural Wood Floor,2944110.8170649232,1996
2662,The Natural Wood Floor,3944211.7218214604,1997
2663,The Natural Wood Floor,4818015.407461678,1998
2664,The Natural Wood Floor,6679153.982191163,1999
2665,The Natural Wood Floor,8194599.766118124,2000
2666,The Natural Wood Floor,9213540.105725879,2001
2667,The Natural Wood Floor,9613974.648106402,2002
2668,The Natural Wood Floor,9117000.771866547,2003
2669,The Natural Wood Floor,8723302.430004507,2004
2670,The Natural Wood Floor,9225789.102119025,2005
2671,The Natural Wood Floor,0.0,2006
2672,The Natural Wood Floor,11444452.111136157,2007
2673,The Natural Wood Floor,8368477.708408476,2008
2674,The Natural Wood Floor,8962942.732303878,2009
2675,The Natural Wood Floor,9368182.439359784,2010
2676,The Natural Wood Floor,10029290.624774572,2011
2677,The Natural Wood Floor,14097010.153291253,2013
2678,The Natural Wood Floor,13849258.25462128,2014
2679,The Natural Wood Floor,13694731.783137962,2015
2680,The Natural Wood Floor,14373849.680906223,2016
2681,The Natural Wood Floor,14485584.3981064,2017
2682,The Natural Wood Floor,16427329.392245265,2018
2684,Nova Lifestyle,78356493.0,2013
2688,Nova Lifestyle,0.0,2014
2692,Nova Lifestyle,108820112.0,2015
2696,Nova Lifestyle,92648195.0,2016
2700,Nova Lifestyle,106494132.0,2017
2704,Nova Lifestyle,88645204.0,2018
2707,MyOptique Group,6794752.016907123,2009
2708,MyOptique Group,15604505.052862938,2011
2709,MyOptique Group,20151339.490644727,2012
2710,MyOptique Group,33987810.55049594,2013
2711,MyOptique Group,37767351.01059513,2014
2712,MyOptique Group,24352943.340396754,2015
2713,MyOptique Group,31237432.461677186,2017
2714,House of Fraser,977851634.3552749,2014
2715,House of Fraser,1029802727.6825969,2015
2716,House of Fraser,1041887274.5716861,2016
2717,Myntra,59964564.77822812,2013
2718,Myntra,106447634.899056,2014
2719,Myntra,150122060.29959214,2015
2720,Myntra,280864472.02917147,2016
2721,Myntra,59964564.77822812,2017
2722,Oil-Dri Corporation Of America,250583000.0,2012
2726,Oil-Dri Corporation Of America,266313000.0,2013
2730,Oil-Dri Corporation Of America,261402000.0,2014
2734,Oil-Dri Corporation Of America,262313000.0,2015
2738,Oil-Dri Corporation Of America,262307000.0,2016
2742,Oil-Dri Corporation Of America,266000000.0,2017
2749,Church & Dwight,0.0,2016
2764,Momentive,2331000000.0,2017
2769,The Hut Group,229618849.18845809,2013
2770,The Hut Group,308935834.9864743,2014
2771,The Hut Group,415537744.2993688,2015
2772,The Hut Group,624629049.594229,2016
2773,The Hut Group,916497019.386835,2017
2774,The Hut Group,1140878420.9702435,2018
2775,Henkel,18016390000.0,2014
2776,Henkel,19853398600.0,2015
2777,Henkel,22138053700.0,2017
2778,Funko,516084000.0,2017
2782,Funko,686072999.9999999,2018
2785,Howden Joinery,1628672965.0928764,2016
2786,Howden Joinery,1748895638.795311,2017
2787,Howden Joinery,1882822198.6366096,2018
2788,Euro Garages,21570293.282236245,2001
2789,Euro Garages,0.0,2002
2790,Euro Garages,0.0,2003
2791,Euro Garages,98283495.26600541,2004
2792,Euro Garages,145330853.88187557,2005
2793,Euro Garages,198552085.41208297,2006
2794,Euro Garages,288465958.0522994,2007
2795,Euro Garages,301786009.08205587,2008
2796,Euro Garages,355340495.04057705,2009
2797,Euro Garages,380126284.42560863,2010
2798,Euro Garages,390984935.01172227,2011
2799,Euro Garages,546309983.2533814,2012
2800,Euro Garages,805226976.685302,2013
2801,Euro Garages,1016142216.3462579,2014
2802,Euro Garages,2858411605.814247,2016
2803,Euro Garages,2409362162.1785393,2017
2806,Watsco,3743330000.0,2013
2807,Watsco,3944540000.0,2014
2808,Watsco,4113239000.0,2015
2809,Watsco,4220702000.0,2016
2811,Watsco,4341955000.0,2017
2815,Watsco,4546653000.0,2018
2818,Pz Cussons,449795546.0522993,1995
2819,Pz Cussons,436473900.3606853,1996
2820,Pz Cussons,443448034.3949504,1997
2821,Pz Cussons,445131160.1190261,1998
2822,Pz Cussons,509636468.1190261,1999
2823,Pz Cussons,505884069.3020739,2000
2824,Pz Cussons,549062010.820559,2001
2825,Pz Cussons,580404611.2317404,2002
2826,Pz Cussons,608643800.3354373,2003
2827,Pz Cussons,598145224.3967538,2004
2828,Pz Cussons,672623428.0541028,2005
2829,Pz Cussons,719964951.949504,2006
2830,Pz Cussons,1100316681.695221,2012
2831,Pz Cussons,1073157596.9341749,2013
2832,Pz Cussons,1020459045.7276825,2014
2833,Pz Cussons,1023075247.9711452,2015
2834,Pz Cussons,1008125293.0568079,2016
2835,Pz Cussons,950069634.8061316,2017
2836,The Licensing Company,4557958.450067628,1998
2837,The Licensing Company,7292317.662195671,1999
2838,The Licensing Company,5264058.524797115,2000
2839,The Licensing Company,4433705.637285843,2001
2840,The Licensing Company,7343032.892583408,2002
2841,The Licensing Company,8154728.2363615865,2003
2842,The Licensing Company,11297517.725090172,2004
2843,The Licensing Company,12205062.21314247,2005
2844,The Licensing Company,11404710.147655545,2006
2845,The Licensing Company,15986495.088367898,2007
2846,The Licensing Company,25382103.220018033,2008
2847,The Licensing Company,24564540.018935975,2009
2848,The Licensing Company,30642414.289449953,2010
2849,The Licensing Company,46760882.59648332,2011
2850,The Licensing Company,52580715.66185753,2012
2851,The Licensing Company,61375549.888638414,2013
2852,The Licensing Company,9234919.787082957,2014
2853,The Licensing Company,8996104.22396303,2015
2854,The Licensing Company,7265938.4667493235,2016
2855,The Licensing Company,6867087.373760144,2017
2858,BNSF Railway,21401000000.0,2015
2862,BNSF Railway,19278000000.0,2016
2866,BNSF Railway,20747000000.0,2017
2871,Cyanotech,28905000.0,2013
2875,Cyanotech,33809000.0,2014
2879,Cyanotech,31840000.0,2015
2883,Cyanotech,32042000.0,2016
2887,Cyanotech,34115000.0,2017
2891,Cyanotech,30202000.0,2018
2895,Synutra International,370534000.0,2013
2899,Synutra International,413941000.0,2014
2903,Synutra International,365039000.0,2015
2907,YETI,468946000.0,2015
2908,YETI,818913999.9999999,2016
2910,YETI,639239000.0,2017
2912,YETI,778833000.0,2018
2915,Crown Imperial,13096160.504959423,1995
2916,Crown Imperial,17528822.137060415,1996
2917,Crown Imperial,20865153.74211001,1997
2918,Crown Imperial,18860613.954012625,1998
2919,Crown Imperial,20412917.605951305,1999
2920,Crown Imperial,21617634.80613165,2000
2921,Crown Imperial,26867560.64021641,2001
2922,Crown Imperial,28804825.631199278,2002
2923,Crown Imperial,29916105.613165013,2003
2924,Crown Imperial,28153256.762849413,2004
2925,Crown Imperial,26806514.990982864,2005
2926,Crown Imperial,30330343.947249774,2006
2927,Crown Imperial,29279175.242335435,2007
2928,Crown Imperial,24744378.009918846,2008
2929,Crown Imperial,21635126.253381424,2009
2930,Crown Imperial,39025115.634129845,2010
2931,Crown Imperial,50289455.67177638,2011
2932,Crown Imperial,88497733.1776375,2012
2933,Crown Imperial,86272173.25608656,2013
2934,Crown Imperial,84037234.72948602,2014
2935,Crown Imperial,70308636.31514877,2015
2936,Crown Imperial,74028932.5955816,2016
2937,Crown Imperial,74581826.77817854,2017
2940,Crown Crafts,81294000.0,2013
2943,Crown Crafts,85978000.00000001,2014
2947,Crown Crafts,84342000.0,2015
2951,Crown Crafts,65978000.0,2016
2954,Crown Crafts,70270000.0,2017
2958,Crown Crafts,76381000.0,2018
2960,Delta Global Source,11029024.009806132,2011
2961,Delta Global Source,12123449.163435526,2012
2962,Delta Global Source,14752383.785166817,2013
2963,Delta Global Source,15614404.414675383,2014
2964,Delta Global Source,17521735.85843102,2015
2965,Delta Global Source,18683549.179666366,2016
2966,Delta Global Source,17370234.2611587,2017
2968,John Lewis Partnership,12145343372.407574,2015
2970,John Lewis Partnership,12490936496.844004,2016
2972,John Lewis Partnership,12712444995.491434,2017
2973,Iceland Foods,3332220407.314698,2015
2974,Iceland Foods,3478605342.6510367,2016
2975,Iceland Foods,3758543248.4220014,2017
2976,Iceland Foods,3843010374.088368,2018
2977,Charlie's Holdings,2649473.0,2013
2981,Charlie's Holdings,4693414.0,2014
2985,Charlie's Holdings,6121097.0,2015
2989,Charlie's Holdings,2575447.9999999995,2016
2993,Charlie's Holdings,3823334.0,2017
2997,Charlie's Holdings,1947052.0,2018
2999,Edgewell Personal Care,2362000000.0,2015
3003,Edgewell Personal Care,2298400000.0,2016
3007,Edgewell Personal Care,2234000000.0,2017
3012,Xcel Brands,13368000.000000002,2013
3016,Xcel Brands,20707000.0,2014
3020,Xcel Brands,27721000.0,2015
3024,Xcel Brands,32754000.0,2016
3028,Xcel Brands,31706000.0,2017
3032,Xcel Brands,35466000.0,2018
3035,Victoria Plum,11206072.5883679,2009
3036,Victoria Plum,17053546.874549143,2010
3037,Victoria Plum,23852194.600541025,2011
3038,Victoria Plum,32686048.20964833,2012
3039,Victoria Plum,67006978.63886384,2013
3040,Victoria Plum,89902799.7069432,2014
3041,Victoria Plum,87599260.82055905,2015
3042,Victoria Plum,71752308.6113616,2016
3043,Victoria Plum,78482279.98196574,2017
3047,HomeAway,346489000.0,2013
3051,HomeAway,446762000.0,2014
3055,CFAO,4010138930.0,2013
3056,CFAO,3935310120.0,2014
3057,CFAO,3797479210.0,2015
3058,EFT Holdings,1866678.0,2013
3064,EFT Holdings,0.0,2015
3068,EFT Holdings,0.0,2016
3070,JRjr33,84850502.0,2013
3075,JRjr33,138352000.0,2015
3079,JRjr33,144245000.0,2016
3080,Cca Industries,38853387.0,2012
3087,Cca Industries,24789555.0,2014
3091,Cca Industries,19628744.0,2015
3095,Cca Industries,19830098.0,2016
3098,Cca Industries,16606753.000000002,2017
3099,Seen on Screen TV,271025.0,2010
3103,Seen on Screen TV,231672.0,2011
3107,Seen on Screen TV,108254.0,2012
3110,Seen on Screen TV,93093.00000000001,2013
3112,Seen on Screen TV,30554.0,2014
3116,Swallowfield,55707269.49954914,2006
3117,Swallowfield,55838081.60504959,2007
3118,Swallowfield,61206361.248872854,2008
3119,Swallowfield,65342515.441839494,2009
3120,Swallowfield,71575400.81154193,2010
3121,Swallowfield,72107370.0405771,2011
3122,Swallowfield,60536104.93688007,2012
3123,Swallowfield,62332591.18575293,2013
3124,Swallowfield,61602535.05410279,2014
3125,Swallowfield,67841649.5716862,2015
3126,Swallowfield,92582579.12533815,2016
3127,Swallowfield,92122868.01172227,2017
3131,Trident Brands,4743421.0,2016
3135,Trident Brands,5655431.0,2017
3140,Universal Corporation,2542115000.0,2013
3144,Universal Corporation,2271801000.0,2014
3148,Universal Corporation,2120373000.0,2015
3152,Universal Corporation,2071217999.9999998,2016
3156,Universal Corporation,2033947000.0,2017
3160,Universal Corporation,2227153000.0,2018
3163,Acme United,89576777.0,2013
3167,Acme United,107222306.0,2014
3171,Acme United,109811768.0,2015
3175,Acme United,124574371.0,2016
3179,Acme United,130550349.0,2017
3183,Acme United,137321395.0,2018
3187,Servotronics,30310000.0,2013
3191,Servotronics,31646000.0,2014
3195,Servotronics,36729000.0,2015
3199,Servotronics,38587000.0,2016
3203,Servotronics,41444000.00000001,2017
3207,Servotronics,47857000.0,2018
3210,PurpleBricks,14769.309625788997,2013
3211,PurpleBricks,4228923.646528404,2014
3212,PurpleBricks,23177014.770063117,2015
3213,PurpleBricks,58187716.18575293,2016
3214,PurpleBricks,116730493.80072136,2017
3215,Rahim Brothers,21114922.63886384,2011
3216,Rahim Brothers,27657795.323715057,2012
3217,Rahim Brothers,30090930.385933273,2013
3218,Rahim Brothers,32497354.86203787,2014
3219,Rahim Brothers,33053453.318304777,2015
3220,Rahim Brothers,36825406.67628494,2016
3221,Rahim Brothers,41236939.03877367,2017
3222,Conair,2100000000.0,2017
3223,Holiday Companies,3200000000.0,2015
3227,Seychelle Environmental Technologies,5279377.0,2017
3228,Seychelle Environmental Technologies,3153429.0,2018
3229,Metro Bank,0.0,2007
3230,Metro Bank,4735398.219116321,2008
3231,Metro Bank,250411.74481514876,2010
3232,Metro Bank,6472084.64833183,2011
3233,Metro Bank,19842327.660054103,2012
3234,Metro Bank,53631717.42560865,2013
3235,Metro Bank,113303216.63660955,2014
3236,Metro Bank,195004720.2434626,2015
3237,Metro Bank,316879244.36429214,2016
3238,Metro Bank,442020333.6339044,2017
3239,Metro Bank,645838052.2993689,2018
3240,Walgreens Boots Alliance,117351000000.00002,2015
3244,Walgreens Boots Alliance,118214000000.0,2016
3248,Walgreens Boots Alliance,131537000000.0,2017
3252,Astro Lighting,0.0,2008
3253,Astro Lighting,7917545.95581605,2009
3254,Astro Lighting,9627491.899008114,2010
3255,Astro Lighting,12572998.045198377,2011
3256,Astro Lighting,14313907.836677186,2012
3257,Astro Lighting,18120366.936429214,2013
3258,Astro Lighting,20710507.670987375,2014
3259,Astro Lighting,25758027.3113165,2015
3260,Astro Lighting,30429875.763751127,2016
3261,Astro Lighting,36375343.26690712,2017
3262,Astro Lighting,36964550.889990985,2018
3263,Oasis Fashions,361788908.92696124,2015
3264,Oasis Fashions,342229384.5807033,2016
3265,Yunji,181201540.9513842,2016
3269,Yunji,909090310.8271962,2017
3273,Yunji,1836108717.72454,2018
3274,Carrefour,89501667500.0,2017
3278,Guitar Center,2400000000.0,2015
3279,Guitar Center,2200000000.0,2017
3283,Rubicon Project,278221000.0,2016
3287,Rubicon Project,155545000.0,2017
3291,Rubicon Project,124685000.0,2018
3294,DUNI,398657104.5126657,2014
3295,DUNI,432651121.1765364,2015
3299,Argos Therapeutics,1974019.0,2014
3303,Argos Therapeutics,518329.0,2015
3307,Argos Therapeutics,945468.0,2016
3310,Argos Therapeutics,1899397.9999999998,2017
3316,Lovesac,165881297.0,2018
3319,Jack Wills,171180721.25788996,2015
3320,Jack Wills,177398656.67267808,2016
3321,Welch & Tidy,15018262.504170423,2012
3322,Welch & Tidy,21282511.633453563,2013
3323,Welch & Tidy,33483967.16997295,2014
3324,Welch & Tidy,35643757.25653742,2015
3325,Welch & Tidy,31197730.364743013,2016
3326,Fenwick,371067847.61045986,2016
3327,Fenwick,358750330.5906221,2017
3328,Amway,9500000000.0,2015
3329,Amway,8600000000.0,2018
3330,Dufry,8418529157.196107,2017
3334,Perdue,6300000000.0,2015
3336,Kum & Go,2300000000.0,2015
3337,Kum & Go,2400000000.0,2017
3338,Boux Avenue,55298637.39855726,2015
3339,Boux Avenue,61555193.53020739,2016
3340,The Range,839942037.7592425,2015
3341,The Range,948433860.572588,2016
3342,SC Johnson,9600000000.0,2014
3343,SC Johnson,10300000000.0,2018
3346,Superdrug,1511938773.669973,2016
3347,Superdrug,1547049988.61587,2017
3348,Thorntons,2400000000.0,2016
3349,Meijer,77000000000.0,2015
3354,Bose,3500000000.0,2015
3356,Swisher,213688000.0,2013
3357,Swisher,193757000.0,2014
3358,Swisher,0.0,2015
3360,Stitch Fix,730313000.0,2015
3364,Stitch Fix,977139000.0,2016
3368,Stitch Fix,1226505000.0,2017
3372,Stitch Fix,1577558000.0,2018
3374,Seiko Epson,10101382376.61034,2015
3378,Seiko Epson,9476102867.65936,2016
3382,Seiko Epson,10190470259.327421,2017
3386,Seiko Epson,10075446568.51263,2018
3389,Lakeland Financial,107736000.0,2013
3393,Lakeland Financial,147341000.0,2014
3397,Lakeland Financial,154018000.00000003,2015
3401,Lakeland Financial,171815000.0,2016
3405,Lakeland Financial,201707000.0,2017
3409,Lakeland Financial,239080000.0,2018
3412,Schnuck,2699999999.9999995,2014
3413,Mary Kay,4000000000.0,2015
3415,Hobby Lobby,4000000000.0,2015
3418,Eby-Brown,5300000000.0,2014
3419,Eby-Brown,5700000000.0,2018
3420,Equip Outdoor Technologies,14907596.708746618,2014
3421,Equip Outdoor Technologies,44888485.45987376,2015
3422,Equip Outdoor Technologies,50347710.662759244,2016
3423,Equip Outdoor Technologies,61500377.028854825,2017
3425,Energy Recovery,43045000.0,2013
3429,Energy Recovery,30426000.0,2014
3433,Energy Recovery,43671000.0,2015
3437,Energy Recovery,0.0,2016
3441,Energy Recovery,0.0,2017
3445,Energy Recovery,61025000.0,2018
3449,QKL Stores,282790433.0,2013
3450,QKL Stores,274636920.0,2014
3451,QKL Stores,270064086.0,2015
3452,Clarus Corporation,155266000.0,2015
3453,Clarus Corporation,148189000.0,2016
3454,Clarus Corporation,170687000.0,2017
3455,Micro Center,2350000000.0,2014
3456,Conair,2100000000.0,2017
3457,B&Q,45370621.50586113,2015
3458,B&Q,45308330.0270514,2016
3459,Holiday Companies,3200000000.0,2015
3460,KOKUYO,2844386084.155931,2016
3461,KOKUYO,2918328564.497239,2017
3462,Amplify Snack Brands,183915000.0,2015
3463,Amplify Snack Brands,270811000.0,2016
3467,Simmons First National,143113000.0,2013
3471,Simmons First National,185035000.0,2014
3475,Simmons First National,396774000.0,2015
3479,Simmons First National,440387000.0,2016
3483,Simmons First National,533769000.0,2017
3487,Simmons First National,824583000.0,2018
3489,Manutan International,783437745.3,2016
3490,L'OCCITANE,1462507538.1,2016
3491,L'OCCITANE,1458295239.8,2017
3493,LoveHoney,72352798.46708746,2015
3494,LoveHoney,95106629.84670874,2016
3495,Thomas Pink,43605280.996393144,2015
3496,Thomas Pink,42860274.90982867,2016
3497,Alexander Mcqueen,13120135.249323715,2015
3498,Alexander Mcqueen,13258089.695784489,2016
3499,Wausau Paper,348584000.00000006,2013
3500,Wausau Paper,352024000.0,2014
3501,Rallye,54331021500.0,2014
3502,Rallye,51763409600.0,2015
3503,Allied Telesis Holdings,270928123.56282413,2016
3504,Allied Telesis Holdings,270049570.0234231,2017
3505,Evertz,304028821.85046095,2017
3509,Dorothy Perkins,51079.01262398557,2015
3513,Marcus Corporation,447939000.0,2013
3517,Marcus Corporation,488067000.0,2014
3523,Marcus Corporation,543864000.0,2016
3527,Marcus Corporation,622714000.0,2017
3531,Marcus Corporation,672835000.0,2018
3535,Orora,4082600000.0,2016
3536,Nilfisk,1195824070.0,2017
3537,Waitrose & Partners,7756659524.346258,2017
3538,MSA Safety,982668000.0,2010
3539,MSA Safety,1118272000.0,2011
3540,MSA Safety,1121319000.0,2012
3542,MSA Safety,1111883000.0,2013
3546,MSA Safety,1136650000.0,2014
3550,MSA Safety,1129922000.0,2015
3554,MSA Safety,1149530000.0,2016
3558,MSA Safety,1196809000.0,2017
3562,MSA Safety,1358104000.0,2018
3564,Space NK,120157733.5899459,2016
3565,Carpetright,569094950.405771,2015
3567,Carpetright,570091614.0667268,2016
3568,Carpetright,552899165.915239,2017
3569,Ansaldo NES,0.0,2004
3570,Ansaldo NES,0.0,2005
3571,Ansaldo NES,0.0,2006
3572,Ansaldo NES,0.0,2007
3573,Ansaldo NES,22703739.06402164,2008
3574,Ansaldo NES,25065737.257439133,2009
3575,Ansaldo NES,23706410.115193866,2010
3576,Ansaldo NES,36903253.58318305,2011
3577,Ansaldo NES,37256747.7587917,2012
3578,Ansaldo NES,45199005.990081154,2013
3579,Ansaldo NES,50437819.024346255,2014
3580,Ansaldo NES,46225265.578449056,2015
3581,Ansaldo NES,41723998.60324617,2016
3582,Ansaldo NES,46209603.00901713,2017
3583,Ansaldo NES,45075524.34580703,2018
3585,Techtronic Industries,5480413000.0,2016
3586,Techtronic Industries,6063633000.0,2017
3587,TK Maxx,52207734.22001804,2016
3588,Bluefin Solutions,14056078.422565375,2007
3589,Bluefin Solutions,16891352.322024345,2008
3590,Bluefin Solutions,19567846.48782687,2009
3591,Bluefin Solutions,21396841.413660955,2010
3592,Bluefin Solutions,20389408.80184851,2011
3593,Bluefin Solutions,21374698.038773667,2012
3594,Bluefin Solutions,26359262.173128944,2013
3595,Bluefin Solutions,34354996.39314698,2014
3596,Bluefin Solutions,38312996.95671776,2015
3597,Bluefin Solutions,35426409.82867448,2016
3598,The Charles Stark Draper Laboratory,522049390.0,2013
3599,The Charles Stark Draper Laboratory,565859050.0,2014
3600,The Charles Stark Draper Laboratory,623195842.0,2015
3601,The Charles Stark Draper Laboratory,571825650.0,2016
3603,Speedway Motorsports,480649000.0,2013
3613,Speedway Motorsports,512156000.0,2016
3617,Speedway Motorsports,453589000.0,2017
3621,Speedway Motorsports,461914000.0,2018
3624,Natural World Products,215538.4833183048,1999
3625,Natural World Products,308417.5698827773,2000
3626,Natural World Products,489767.99797114515,2001
3627,Natural World Products,13147254.467538323,2010
3628,Natural World Products,14023111.280320108,2011
3629,Natural World Products,15050018.700067626,2012
3630,Natural World Products,27338364.62037872,2013
3631,Natural World Products,30613426.326871052,2014
3632,Natural World Products,19684586.9482642,2015
3633,Greenlane,88259975.0,2017
3634,Greenlane,178934937.0,2018
3637,Redding Bank of Commerce,40803000.0,2013
3643,Redding Bank of Commerce,41936000.0,2015
3647,Redding Bank of Commerce,44604000.0,2016
3651,Redding Bank of Commerce,50773000.0,2017
3655,Redding Bank of Commerce,56720000.0,2018
3658,Piedmont Natural Gas Company,1278229000.0000002,2012
3662,Piedmont Natural Gas Company,1469988000.0,2014
3666,Piedmont Natural Gas Company,1371718000.0,2014
3670,Piedmont Natural Gas Company,1148700000.0,2015
3674,Piedmont Natural Gas Company,23565000000.0,2017
3678,Piedmont Natural Gas Company,24521000000.0,2018
3680,Sanwa Holdings,3272460988.790363,2016
3681,Sanwa Holdings,3566039542.4125814,2017
3682,Wonderful Company,4800000000.0,2015
3683,Hoya,5003835677.597456,2017
3687,Carpenter Technology,2173000000.0,2013
3691,Carpenter Technology,2226700000.0,2014
3695,Carpenter Technology,1813400000.0000002,2015
3699,Carpenter Technology,1797600000.0,2016
3703,Carpenter Technology,2157700000.0,2017
3707,Carpenter Technology,0.0,2018
3708,Universum,25165873.5484352,2014
3709,Universum,32484579.31182315,2015
3710,Bozzuto's,2200000000.0,2018
3711,Alca Fasteners,8376301.51814698,2014
3712,Alca Fasteners,5073421.683047791,2015
3713,Alca Fasteners,4588704.278178539,2016
3717,Caterpillar,38537000000.00001,2016
3721,Caterpillar,45462000000.0,2017
3725,Caterpillar,54722000000.0,2018
3726,LoopUp,4547277.95311091,2010
3727,LoopUp,5263629.959422904,2011
3728,LoopUp,6154398.106402164,2012
3729,LoopUp,7536023.106402164,2013
3730,LoopUp,9969128.26871055,2014
3731,LoopUp,7128636.834986474,2015
3732,LoopUp,9164322.362488728,2016
3733,LoopUp,10246948.264201982,2017
3734,LoopUp,12557962.128043283,2018
3735,Electrix International,0.0,1997
3736,Electrix International,0.0,1998
3737,Electrix International,0.0,2000
3738,Electrix International,0.0,2001
3739,Electrix International,0.0,2002
3740,Electrix International,0.0,2003
3741,Electrix International,0.0,2004
3742,Electrix International,0.0,2005
3743,Electrix International,0.0,2006
3744,Electrix International,0.0,2007
3745,Electrix International,7214511.86767358,2008
3746,Electrix International,6538430.056582507,2009
3747,Electrix International,7363483.185076646,2010
3748,Electrix International,8480118.988390442,2011
3749,Electrix International,11147716.68518936,2012
3750,Electrix International,8702798.566839496,2013
3751,Electrix International,9278074.077772768,2014
3752,Electrix International,7254797.012849414,2015
3753,Electrix International,10375838.054666366,2016
3754,Electrix International,11407316.423128946,2017
3755,Ruhnn,81527009.82286946,2016
3756,Ruhnn,133678879.1668432,2017
3757,Ruhnn,154255555.98731315,2018
3761,AEON Global Health,5556000.0,2013
3765,AEON Global Health,3689000.0,2014
3770,AEON Global Health,34576916.0,2015
3774,AEON Global Health,20198771.0,2016
3778,AEON Global Health,16301144.0,2017
3785,PPG Industries,14751000000.0,2016
3789,PPG Industries,14750000000.0,2017
3793,PPG Industries,15374000000.0,2018
3796,Cello Health,205893270.73940486,2016
3797,Cello Health,212156046.05229935,2017
3798,Cello Health,206275730.45266005,2018
3804,1-800 Flowers,756345000.0,2014
3808,1-800 Flowers,1121506000.0,2015
3811,1-800 Flowers,1173024000.0,2016
3814,1-800 Flowers,1193625000.0,2016
3817,1-800 Flowers,1151921000.0,2017
3821,1-800 Flowers,1248623000.0,2018
